wp_url,local_url,status
"https://consilegy.com/wp/wp-content/uploads/2021/08/Site-Kit-by-Google-1-1024x538.png","/images/wp/2021/08/Site-Kit-by-Google-1-1024x538.png","downloaded"
"https://consilegy.com/wp/wp-content/uploads/2021/08/Site-Kit-by-Google-1-300x158.png","/images/wp/2021/08/Site-Kit-by-Google-1-300x158.png","downloaded"
"https://consilegy.com/wp/wp-content/uploads/2021/08/Site-Kit-by-Google-1-768x403.png","/images/wp/2021/08/Site-Kit-by-Google-1-768x403.png","downloaded"
"https://consilegy.com/wp/wp-content/uploads/2021/08/Site-Kit-by-Google-1.png","/images/wp/2021/08/Site-Kit-by-Google-1.png","downloaded"
"https://consilegy.com/wp/wp-content/uploads/2021/08/aec9c0ab949978822027cb5b99883760-1024x451.png","/images/wp/2021/08/aec9c0ab949978822027cb5b99883760-1024x451.png","downloaded"
"https://consilegy.com/wp/wp-content/uploads/2021/08/aec9c0ab949978822027cb5b99883760-1536x676.png","/images/wp/2021/08/aec9c0ab949978822027cb5b99883760-1536x676.png","downloaded"
"https://consilegy.com/wp/wp-content/uploads/2021/08/aec9c0ab949978822027cb5b99883760-2048x901.png","/images/wp/2021/08/aec9c0ab949978822027cb5b99883760-2048x901.png","downloaded"
"https://consilegy.com/wp/wp-content/uploads/2021/08/aec9c0ab949978822027cb5b99883760-300x132.png","/images/wp/2021/08/aec9c0ab949978822027cb5b99883760-300x132.png","downloaded"
"https://consilegy.com/wp/wp-content/uploads/2021/08/aec9c0ab949978822027cb5b99883760-768x338.png","/images/wp/2021/08/aec9c0ab949978822027cb5b99883760-768x338.png","downloaded"
"https://consilegy.com/wp/wp-content/uploads/2021/08/business-3683769_1280-1024x682.jpg","/images/wp/2021/08/business-3683769_1280-1024x682.jpg","downloaded"
"https://consilegy.com/wp/wp-content/uploads/2021/08/business-3683769_1280-300x200.jpg","/images/wp/2021/08/business-3683769_1280-300x200.jpg","downloaded"
"https://consilegy.com/wp/wp-content/uploads/2021/08/business-3683769_1280-600x400.jpg","/images/wp/2021/08/business-3683769_1280-600x400.jpg","downloaded"
"https://consilegy.com/wp/wp-content/uploads/2021/08/business-3683769_1280-768x512.jpg","/images/wp/2021/08/business-3683769_1280-768x512.jpg","downloaded"
"https://consilegy.com/wp/wp-content/uploads/2021/08/business-3683769_1280.jpg","/images/wp/2021/08/business-3683769_1280.jpg","downloaded"
"https://consilegy.com/wp/wp-content/uploads/2021/08/sitekitbygoogle-1.png","/images/wp/2021/08/sitekitbygoogle-1.png","downloaded"
"https://consilegy.com/wp/wp-content/uploads/2021/08/target.png","/images/wp/2021/08/target.png","downloaded"
"https://consilegy.com/wp/wp-content/uploads/2021/08/whiteboard-4876651_1280-1024x682.jpg","/images/wp/2021/08/whiteboard-4876651_1280-1024x682.jpg","downloaded"
"https://consilegy.com/wp/wp-content/uploads/2021/08/whiteboard-4876651_1280-300x200.jpg","/images/wp/2021/08/whiteboard-4876651_1280-300x200.jpg","downloaded"
"https://consilegy.com/wp/wp-content/uploads/2021/08/whiteboard-4876651_1280-600x400.jpg","/images/wp/2021/08/whiteboard-4876651_1280-600x400.jpg","downloaded"
"https://consilegy.com/wp/wp-content/uploads/2021/08/whiteboard-4876651_1280-768x512.jpg","/images/wp/2021/08/whiteboard-4876651_1280-768x512.jpg","downloaded"
"https://consilegy.com/wp/wp-content/uploads/2021/08/whiteboard-4876651_1280.jpg","/images/wp/2021/08/whiteboard-4876651_1280.jpg","downloaded"
"https://consilegy.com/wp/wp-content/uploads/2021/08/youtube-ads-skip-300x169.jpeg","/images/wp/2021/08/youtube-ads-skip-300x169.jpeg","downloaded"
"https://consilegy.com/wp/wp-content/uploads/2021/08/youtube-ads-skip.jpeg","/images/wp/2021/08/youtube-ads-skip.jpeg","downloaded"
"https://consilegy.com/wp/wp-content/uploads/2021/08/youtubeads.png","/images/wp/2021/08/youtubeads.png","downloaded"
"https://consilegy.com/wp/wp-content/uploads/2022/04/092fcbe2db653431ecfe900b190f2e82-1024x515.jpg","/images/wp/2022/04/092fcbe2db653431ecfe900b190f2e82-1024x515.jpg","downloaded"
"https://consilegy.com/wp/wp-content/uploads/2022/04/092fcbe2db653431ecfe900b190f2e82-300x151.jpg","/images/wp/2022/04/092fcbe2db653431ecfe900b190f2e82-300x151.jpg","downloaded"
"https://consilegy.com/wp/wp-content/uploads/2022/04/092fcbe2db653431ecfe900b190f2e82-600x302.jpg","/images/wp/2022/04/092fcbe2db653431ecfe900b190f2e82-600x302.jpg","downloaded"
"https://consilegy.com/wp/wp-content/uploads/2022/04/092fcbe2db653431ecfe900b190f2e82-768x386.jpg","/images/wp/2022/04/092fcbe2db653431ecfe900b190f2e82-768x386.jpg","downloaded"
"https://consilegy.com/wp/wp-content/uploads/2022/04/092fcbe2db653431ecfe900b190f2e82.jpg","/images/wp/2022/04/092fcbe2db653431ecfe900b190f2e82.jpg","downloaded"
"https://consilegy.com/wp/wp-content/uploads/2022/04/4a5e4d49bcc4122941826531ba3b4605-1024x425.jpg","/images/wp/2022/04/4a5e4d49bcc4122941826531ba3b4605-1024x425.jpg","downloaded"
"https://consilegy.com/wp/wp-content/uploads/2022/04/4a5e4d49bcc4122941826531ba3b4605-300x125.jpg","/images/wp/2022/04/4a5e4d49bcc4122941826531ba3b4605-300x125.jpg","downloaded"
"https://consilegy.com/wp/wp-content/uploads/2022/04/4a5e4d49bcc4122941826531ba3b4605-600x249.jpg","/images/wp/2022/04/4a5e4d49bcc4122941826531ba3b4605-600x249.jpg","downloaded"
"https://consilegy.com/wp/wp-content/uploads/2022/04/4a5e4d49bcc4122941826531ba3b4605-768x319.jpg","/images/wp/2022/04/4a5e4d49bcc4122941826531ba3b4605-768x319.jpg","downloaded"
"https://consilegy.com/wp/wp-content/uploads/2022/04/4a5e4d49bcc4122941826531ba3b4605.jpg","/images/wp/2022/04/4a5e4d49bcc4122941826531ba3b4605.jpg","downloaded"
"https://consilegy.com/wp/wp-content/uploads/2022/04/4b37158080a7bbd0f32cd409bc3dbc94-1024x635.png","/images/wp/2022/04/4b37158080a7bbd0f32cd409bc3dbc94-1024x635.png","downloaded"
"https://consilegy.com/wp/wp-content/uploads/2022/04/4b37158080a7bbd0f32cd409bc3dbc94-300x186.png","/images/wp/2022/04/4b37158080a7bbd0f32cd409bc3dbc94-300x186.png","downloaded"
"https://consilegy.com/wp/wp-content/uploads/2022/04/4b37158080a7bbd0f32cd409bc3dbc94-600x372.png","/images/wp/2022/04/4b37158080a7bbd0f32cd409bc3dbc94-600x372.png","downloaded"
"https://consilegy.com/wp/wp-content/uploads/2022/04/4b37158080a7bbd0f32cd409bc3dbc94-768x476.png","/images/wp/2022/04/4b37158080a7bbd0f32cd409bc3dbc94-768x476.png","downloaded"
"https://consilegy.com/wp/wp-content/uploads/2022/04/4b37158080a7bbd0f32cd409bc3dbc94.png","/images/wp/2022/04/4b37158080a7bbd0f32cd409bc3dbc94.png","downloaded"
"https://consilegy.com/wp/wp-content/uploads/2022/04/50aa0115466f12f9c3bc30e35e93dd2d-1-1024x508.png","/images/wp/2022/04/50aa0115466f12f9c3bc30e35e93dd2d-1-1024x508.png","downloaded"
"https://consilegy.com/wp/wp-content/uploads/2022/04/50aa0115466f12f9c3bc30e35e93dd2d-1-300x149.png","/images/wp/2022/04/50aa0115466f12f9c3bc30e35e93dd2d-1-300x149.png","downloaded"
"https://consilegy.com/wp/wp-content/uploads/2022/04/50aa0115466f12f9c3bc30e35e93dd2d-1-600x298.png","/images/wp/2022/04/50aa0115466f12f9c3bc30e35e93dd2d-1-600x298.png","downloaded"
"https://consilegy.com/wp/wp-content/uploads/2022/04/50aa0115466f12f9c3bc30e35e93dd2d-1-768x381.png","/images/wp/2022/04/50aa0115466f12f9c3bc30e35e93dd2d-1-768x381.png","downloaded"
"https://consilegy.com/wp/wp-content/uploads/2022/04/50aa0115466f12f9c3bc30e35e93dd2d-1.png","/images/wp/2022/04/50aa0115466f12f9c3bc30e35e93dd2d-1.png","downloaded"
"https://consilegy.com/wp/wp-content/uploads/2022/04/50aa0115466f12f9c3bc30e35e93dd2d-1024x511.jpg","/images/wp/2022/04/50aa0115466f12f9c3bc30e35e93dd2d-1024x511.jpg","downloaded"
"https://consilegy.com/wp/wp-content/uploads/2022/04/50aa0115466f12f9c3bc30e35e93dd2d-300x150.jpg","/images/wp/2022/04/50aa0115466f12f9c3bc30e35e93dd2d-300x150.jpg","downloaded"
"https://consilegy.com/wp/wp-content/uploads/2022/04/50aa0115466f12f9c3bc30e35e93dd2d-600x300.jpg","/images/wp/2022/04/50aa0115466f12f9c3bc30e35e93dd2d-600x300.jpg","downloaded"
"https://consilegy.com/wp/wp-content/uploads/2022/04/50aa0115466f12f9c3bc30e35e93dd2d-768x383.jpg","/images/wp/2022/04/50aa0115466f12f9c3bc30e35e93dd2d-768x383.jpg","downloaded"
"https://consilegy.com/wp/wp-content/uploads/2022/04/50aa0115466f12f9c3bc30e35e93dd2d.jpg","/images/wp/2022/04/50aa0115466f12f9c3bc30e35e93dd2d.jpg","downloaded"
"https://consilegy.com/wp/wp-content/uploads/2022/04/56912ecb1919426691c599e067eafdbb-1024x865.jpg","/images/wp/2022/04/56912ecb1919426691c599e067eafdbb-1024x865.jpg","downloaded"
"https://consilegy.com/wp/wp-content/uploads/2022/04/56912ecb1919426691c599e067eafdbb-300x254.jpg","/images/wp/2022/04/56912ecb1919426691c599e067eafdbb-300x254.jpg","downloaded"
"https://consilegy.com/wp/wp-content/uploads/2022/04/56912ecb1919426691c599e067eafdbb-600x507.jpg","/images/wp/2022/04/56912ecb1919426691c599e067eafdbb-600x507.jpg","downloaded"
"https://consilegy.com/wp/wp-content/uploads/2022/04/56912ecb1919426691c599e067eafdbb-768x649.jpg","/images/wp/2022/04/56912ecb1919426691c599e067eafdbb-768x649.jpg","downloaded"
"https://consilegy.com/wp/wp-content/uploads/2022/04/56912ecb1919426691c599e067eafdbb.jpg","/images/wp/2022/04/56912ecb1919426691c599e067eafdbb.jpg","downloaded"
"https://consilegy.com/wp/wp-content/uploads/2022/04/71339868aae5af2fe6f49dd0245398d1-1-1024x669.jpg","/images/wp/2022/04/71339868aae5af2fe6f49dd0245398d1-1-1024x669.jpg","downloaded"
"https://consilegy.com/wp/wp-content/uploads/2022/04/71339868aae5af2fe6f49dd0245398d1-1-300x196.jpg","/images/wp/2022/04/71339868aae5af2fe6f49dd0245398d1-1-300x196.jpg","downloaded"
"https://consilegy.com/wp/wp-content/uploads/2022/04/71339868aae5af2fe6f49dd0245398d1-1-600x392.jpg","/images/wp/2022/04/71339868aae5af2fe6f49dd0245398d1-1-600x392.jpg","downloaded"
"https://consilegy.com/wp/wp-content/uploads/2022/04/71339868aae5af2fe6f49dd0245398d1-1-768x501.jpg","/images/wp/2022/04/71339868aae5af2fe6f49dd0245398d1-1-768x501.jpg","downloaded"
"https://consilegy.com/wp/wp-content/uploads/2022/04/71339868aae5af2fe6f49dd0245398d1-1.jpg","/images/wp/2022/04/71339868aae5af2fe6f49dd0245398d1-1.jpg","downloaded"
"https://consilegy.com/wp/wp-content/uploads/2022/04/BreadcrumbList-Schema.org_-1024x366.png","/images/wp/2022/04/BreadcrumbList-Schema.org_-1024x366.png","downloaded"
"https://consilegy.com/wp/wp-content/uploads/2022/04/BreadcrumbList-Schema.org_-300x107.png","/images/wp/2022/04/BreadcrumbList-Schema.org_-300x107.png","downloaded"
"https://consilegy.com/wp/wp-content/uploads/2022/04/BreadcrumbList-Schema.org_-600x214.png","/images/wp/2022/04/BreadcrumbList-Schema.org_-600x214.png","downloaded"
"https://consilegy.com/wp/wp-content/uploads/2022/04/BreadcrumbList-Schema.org_-768x274.png","/images/wp/2022/04/BreadcrumbList-Schema.org_-768x274.png","downloaded"
"https://consilegy.com/wp/wp-content/uploads/2022/04/BreadcrumbList-Schema.org_.png","/images/wp/2022/04/BreadcrumbList-Schema.org_.png","downloaded"
"https://consilegy.com/wp/wp-content/uploads/2022/04/CRM-Free-Trial-Salesforce-30-Day-Trial-Salesforce-1024x557.jpg","/images/wp/2022/04/CRM-Free-Trial-Salesforce-30-Day-Trial-Salesforce-1024x557.jpg","downloaded"
"https://consilegy.com/wp/wp-content/uploads/2022/04/CRM-Free-Trial-Salesforce-30-Day-Trial-Salesforce-300x163.jpg","/images/wp/2022/04/CRM-Free-Trial-Salesforce-30-Day-Trial-Salesforce-300x163.jpg","downloaded"
"https://consilegy.com/wp/wp-content/uploads/2022/04/CRM-Free-Trial-Salesforce-30-Day-Trial-Salesforce-600x326.jpg","/images/wp/2022/04/CRM-Free-Trial-Salesforce-30-Day-Trial-Salesforce-600x326.jpg","downloaded"
"https://consilegy.com/wp/wp-content/uploads/2022/04/CRM-Free-Trial-Salesforce-30-Day-Trial-Salesforce-768x417.jpg","/images/wp/2022/04/CRM-Free-Trial-Salesforce-30-Day-Trial-Salesforce-768x417.jpg","downloaded"
"https://consilegy.com/wp/wp-content/uploads/2022/04/CRM-Free-Trial-Salesforce-30-Day-Trial-Salesforce.jpg","/images/wp/2022/04/CRM-Free-Trial-Salesforce-30-Day-Trial-Salesforce.jpg","downloaded"
"https://consilegy.com/wp/wp-content/uploads/2022/04/Install-Package-1-1-1024x327.png","/images/wp/2022/04/Install-Package-1-1-1024x327.png","downloaded"
"https://consilegy.com/wp/wp-content/uploads/2022/04/Install-Package-1-1-300x96.png","/images/wp/2022/04/Install-Package-1-1-300x96.png","downloaded"
"https://consilegy.com/wp/wp-content/uploads/2022/04/Install-Package-1-1-600x192.png","/images/wp/2022/04/Install-Package-1-1-600x192.png","downloaded"
"https://consilegy.com/wp/wp-content/uploads/2022/04/Install-Package-1-1-768x245.png","/images/wp/2022/04/Install-Package-1-1-768x245.png","downloaded"
"https://consilegy.com/wp/wp-content/uploads/2022/04/Install-Package-1-1.png","/images/wp/2022/04/Install-Package-1-1.png","downloaded"
"https://consilegy.com/wp/wp-content/uploads/2022/04/Install-Package-1024x410.png","/images/wp/2022/04/Install-Package-1024x410.png","downloaded"
"https://consilegy.com/wp/wp-content/uploads/2022/04/Install-Package-2-1024x260.png","/images/wp/2022/04/Install-Package-2-1024x260.png","downloaded"
"https://consilegy.com/wp/wp-content/uploads/2022/04/Install-Package-2-300x76.png","/images/wp/2022/04/Install-Package-2-300x76.png","downloaded"
"https://consilegy.com/wp/wp-content/uploads/2022/04/Install-Package-2-600x152.png","/images/wp/2022/04/Install-Package-2-600x152.png","downloaded"
"https://consilegy.com/wp/wp-content/uploads/2022/04/Install-Package-2-768x195.png","/images/wp/2022/04/Install-Package-2-768x195.png","downloaded"
"https://consilegy.com/wp/wp-content/uploads/2022/04/Install-Package-2.png","/images/wp/2022/04/Install-Package-2.png","downloaded"
"https://consilegy.com/wp/wp-content/uploads/2022/04/Install-Package-300x120.png","/images/wp/2022/04/Install-Package-300x120.png","downloaded"
"https://consilegy.com/wp/wp-content/uploads/2022/04/Install-Package-600x240.png","/images/wp/2022/04/Install-Package-600x240.png","downloaded"
"https://consilegy.com/wp/wp-content/uploads/2022/04/Install-Package-768x307.png","/images/wp/2022/04/Install-Package-768x307.png","downloaded"
"https://consilegy.com/wp/wp-content/uploads/2022/04/Install-Package.png","/images/wp/2022/04/Install-Package.png","downloaded"
"https://consilegy.com/wp/wp-content/uploads/2022/04/Pardot-AppExchange-Package-Download-and-Release-History-1024x505.jpg","/images/wp/2022/04/Pardot-AppExchange-Package-Download-and-Release-History-1024x505.jpg","downloaded"
"https://consilegy.com/wp/wp-content/uploads/2022/04/Pardot-AppExchange-Package-Download-and-Release-History-300x148.jpg","/images/wp/2022/04/Pardot-AppExchange-Package-Download-and-Release-History-300x148.jpg","downloaded"
"https://consilegy.com/wp/wp-content/uploads/2022/04/Pardot-AppExchange-Package-Download-and-Release-History-600x296.jpg","/images/wp/2022/04/Pardot-AppExchange-Package-Download-and-Release-History-600x296.jpg","downloaded"
"https://consilegy.com/wp/wp-content/uploads/2022/04/Pardot-AppExchange-Package-Download-and-Release-History-768x379.jpg","/images/wp/2022/04/Pardot-AppExchange-Package-Download-and-Release-History-768x379.jpg","downloaded"
"https://consilegy.com/wp/wp-content/uploads/2022/04/Pardot-AppExchange-Package-Download-and-Release-History.jpg","/images/wp/2022/04/Pardot-AppExchange-Package-Download-and-Release-History.jpg","downloaded"
"https://consilegy.com/wp/wp-content/uploads/2022/04/Screen-Shot--1024x349.png","/images/wp/2022/04/Screen-Shot--1024x349.png","downloaded"
"https://consilegy.com/wp/wp-content/uploads/2022/04/Screen-Shot--300x102.png","/images/wp/2022/04/Screen-Shot--300x102.png","downloaded"
"https://consilegy.com/wp/wp-content/uploads/2022/04/Screen-Shot--600x204.png","/images/wp/2022/04/Screen-Shot--600x204.png","downloaded"
"https://consilegy.com/wp/wp-content/uploads/2022/04/Screen-Shot--768x262.png","/images/wp/2022/04/Screen-Shot--768x262.png","downloaded"
"https://consilegy.com/wp/wp-content/uploads/2022/04/Screen-Shot-.png","/images/wp/2022/04/Screen-Shot-.png","downloaded"
"https://consilegy.com/wp/wp-content/uploads/2022/04/aa72d0d95ffe26a2a6fa1585dcb17854-1024x511.jpg","/images/wp/2022/04/aa72d0d95ffe26a2a6fa1585dcb17854-1024x511.jpg","downloaded"
"https://consilegy.com/wp/wp-content/uploads/2022/04/aa72d0d95ffe26a2a6fa1585dcb17854-300x150.jpg","/images/wp/2022/04/aa72d0d95ffe26a2a6fa1585dcb17854-300x150.jpg","downloaded"
"https://consilegy.com/wp/wp-content/uploads/2022/04/aa72d0d95ffe26a2a6fa1585dcb17854-300x290.png","/images/wp/2022/04/aa72d0d95ffe26a2a6fa1585dcb17854-300x290.png","downloaded"
"https://consilegy.com/wp/wp-content/uploads/2022/04/aa72d0d95ffe26a2a6fa1585dcb17854-600x299.jpg","/images/wp/2022/04/aa72d0d95ffe26a2a6fa1585dcb17854-600x299.jpg","downloaded"
"https://consilegy.com/wp/wp-content/uploads/2022/04/aa72d0d95ffe26a2a6fa1585dcb17854-600x580.png","/images/wp/2022/04/aa72d0d95ffe26a2a6fa1585dcb17854-600x580.png","downloaded"
"https://consilegy.com/wp/wp-content/uploads/2022/04/aa72d0d95ffe26a2a6fa1585dcb17854-768x383.jpg","/images/wp/2022/04/aa72d0d95ffe26a2a6fa1585dcb17854-768x383.jpg","downloaded"
"https://consilegy.com/wp/wp-content/uploads/2022/04/aa72d0d95ffe26a2a6fa1585dcb17854.jpg","/images/wp/2022/04/aa72d0d95ffe26a2a6fa1585dcb17854.jpg","downloaded"
"https://consilegy.com/wp/wp-content/uploads/2022/04/aa72d0d95ffe26a2a6fa1585dcb17854.png","/images/wp/2022/04/aa72d0d95ffe26a2a6fa1585dcb17854.png","downloaded"
"https://consilegy.com/wp/wp-content/uploads/2022/04/clarity-1024x761.png","/images/wp/2022/04/clarity-1024x761.png","downloaded"
"https://consilegy.com/wp/wp-content/uploads/2022/04/clarity-300x223.png","/images/wp/2022/04/clarity-300x223.png","downloaded"
"https://consilegy.com/wp/wp-content/uploads/2022/04/clarity-600x446.png","/images/wp/2022/04/clarity-600x446.png","downloaded"
"https://consilegy.com/wp/wp-content/uploads/2022/04/clarity-768x571.png","/images/wp/2022/04/clarity-768x571.png","downloaded"
"https://consilegy.com/wp/wp-content/uploads/2022/04/clarity-gtm-01-1024x533.jpg","/images/wp/2022/04/clarity-gtm-01-1024x533.jpg","downloaded"
"https://consilegy.com/wp/wp-content/uploads/2022/04/clarity-gtm-01-300x156.jpg","/images/wp/2022/04/clarity-gtm-01-300x156.jpg","downloaded"
"https://consilegy.com/wp/wp-content/uploads/2022/04/clarity-gtm-01-600x312.jpg","/images/wp/2022/04/clarity-gtm-01-600x312.jpg","downloaded"
"https://consilegy.com/wp/wp-content/uploads/2022/04/clarity-gtm-01-768x400.jpg","/images/wp/2022/04/clarity-gtm-01-768x400.jpg","downloaded"
"https://consilegy.com/wp/wp-content/uploads/2022/04/clarity-gtm-01.jpg","/images/wp/2022/04/clarity-gtm-01.jpg","downloaded"
"https://consilegy.com/wp/wp-content/uploads/2022/04/clarity-gtm-02-1024x304.jpg","/images/wp/2022/04/clarity-gtm-02-1024x304.jpg","downloaded"
"https://consilegy.com/wp/wp-content/uploads/2022/04/clarity-gtm-02-300x89.jpg","/images/wp/2022/04/clarity-gtm-02-300x89.jpg","downloaded"
"https://consilegy.com/wp/wp-content/uploads/2022/04/clarity-gtm-02-600x178.jpg","/images/wp/2022/04/clarity-gtm-02-600x178.jpg","downloaded"
"https://consilegy.com/wp/wp-content/uploads/2022/04/clarity-gtm-02-768x228.jpg","/images/wp/2022/04/clarity-gtm-02-768x228.jpg","downloaded"
"https://consilegy.com/wp/wp-content/uploads/2022/04/clarity-gtm-02.jpg","/images/wp/2022/04/clarity-gtm-02.jpg","downloaded"
"https://consilegy.com/wp/wp-content/uploads/2022/04/clarity-gtm-03-1024x579.jpg","/images/wp/2022/04/clarity-gtm-03-1024x579.jpg","downloaded"
"https://consilegy.com/wp/wp-content/uploads/2022/04/clarity-gtm-03-300x170.jpg","/images/wp/2022/04/clarity-gtm-03-300x170.jpg","downloaded"
"https://consilegy.com/wp/wp-content/uploads/2022/04/clarity-gtm-03-600x339.jpg","/images/wp/2022/04/clarity-gtm-03-600x339.jpg","downloaded"
"https://consilegy.com/wp/wp-content/uploads/2022/04/clarity-gtm-03-768x434.jpg","/images/wp/2022/04/clarity-gtm-03-768x434.jpg","downloaded"
"https://consilegy.com/wp/wp-content/uploads/2022/04/clarity-gtm-03.jpg","/images/wp/2022/04/clarity-gtm-03.jpg","downloaded"
"https://consilegy.com/wp/wp-content/uploads/2022/04/clarity-gtm-04-1024x580.jpg","/images/wp/2022/04/clarity-gtm-04-1024x580.jpg","downloaded"
"https://consilegy.com/wp/wp-content/uploads/2022/04/clarity-gtm-04-300x170.jpg","/images/wp/2022/04/clarity-gtm-04-300x170.jpg","downloaded"
"https://consilegy.com/wp/wp-content/uploads/2022/04/clarity-gtm-04-600x340.jpg","/images/wp/2022/04/clarity-gtm-04-600x340.jpg","downloaded"
"https://consilegy.com/wp/wp-content/uploads/2022/04/clarity-gtm-04-768x435.jpg","/images/wp/2022/04/clarity-gtm-04-768x435.jpg","downloaded"
"https://consilegy.com/wp/wp-content/uploads/2022/04/clarity-gtm-04.jpg","/images/wp/2022/04/clarity-gtm-04.jpg","downloaded"
"https://consilegy.com/wp/wp-content/uploads/2022/04/clarity-gtm-05-1024x467.png","/images/wp/2022/04/clarity-gtm-05-1024x467.png","downloaded"
"https://consilegy.com/wp/wp-content/uploads/2022/04/clarity-gtm-05-300x137.png","/images/wp/2022/04/clarity-gtm-05-300x137.png","downloaded"
"https://consilegy.com/wp/wp-content/uploads/2022/04/clarity-gtm-05-600x274.png","/images/wp/2022/04/clarity-gtm-05-600x274.png","downloaded"
"https://consilegy.com/wp/wp-content/uploads/2022/04/clarity-gtm-05-768x351.png","/images/wp/2022/04/clarity-gtm-05-768x351.png","downloaded"
"https://consilegy.com/wp/wp-content/uploads/2022/04/clarity-gtm-05.png","/images/wp/2022/04/clarity-gtm-05.png","downloaded"
"https://consilegy.com/wp/wp-content/uploads/2022/04/clarity-masking-1.jpg","/images/wp/2022/04/clarity-masking-1.jpg","downloaded"
"https://consilegy.com/wp/wp-content/uploads/2022/04/clarity.png","/images/wp/2022/04/clarity.png","downloaded"
"https://consilegy.com/wp/wp-content/uploads/2022/04/eb0d287cea9d69d39f5e289df7982234-1024x723.jpg","/images/wp/2022/04/eb0d287cea9d69d39f5e289df7982234-1024x723.jpg","downloaded"
"https://consilegy.com/wp/wp-content/uploads/2022/04/eb0d287cea9d69d39f5e289df7982234-300x212.jpg","/images/wp/2022/04/eb0d287cea9d69d39f5e289df7982234-300x212.jpg","downloaded"
"https://consilegy.com/wp/wp-content/uploads/2022/04/eb0d287cea9d69d39f5e289df7982234-600x423.jpg","/images/wp/2022/04/eb0d287cea9d69d39f5e289df7982234-600x423.jpg","downloaded"
"https://consilegy.com/wp/wp-content/uploads/2022/04/eb0d287cea9d69d39f5e289df7982234-768x542.jpg","/images/wp/2022/04/eb0d287cea9d69d39f5e289df7982234-768x542.jpg","downloaded"
"https://consilegy.com/wp/wp-content/uploads/2022/04/eb0d287cea9d69d39f5e289df7982234.jpg","/images/wp/2022/04/eb0d287cea9d69d39f5e289df7982234.jpg","downloaded"
"https://consilegy.com/wp/wp-content/uploads/2022/04/microsoftclarity-01-1024x575.jpg","/images/wp/2022/04/microsoftclarity-01-1024x575.jpg","downloaded"
"https://consilegy.com/wp/wp-content/uploads/2022/04/microsoftclarity-01-1160x653.jpg","/images/wp/2022/04/microsoftclarity-01-1160x653.jpg","downloaded"
"https://consilegy.com/wp/wp-content/uploads/2022/04/microsoftclarity-01-300x168.jpg","/images/wp/2022/04/microsoftclarity-01-300x168.jpg","downloaded"
"https://consilegy.com/wp/wp-content/uploads/2022/04/microsoftclarity-01-600x337.jpg","/images/wp/2022/04/microsoftclarity-01-600x337.jpg","downloaded"
"https://consilegy.com/wp/wp-content/uploads/2022/04/microsoftclarity-01-768x432.jpg","/images/wp/2022/04/microsoftclarity-01-768x432.jpg","downloaded"
"https://consilegy.com/wp/wp-content/uploads/2022/04/microsoftclarity-01.jpg","/images/wp/2022/04/microsoftclarity-01.jpg","downloaded"
"https://consilegy.com/wp/wp-content/uploads/2022/04/microsoftclarity-02-1024x581.jpg","/images/wp/2022/04/microsoftclarity-02-1024x581.jpg","downloaded"
"https://consilegy.com/wp/wp-content/uploads/2022/04/microsoftclarity-02-300x170.jpg","/images/wp/2022/04/microsoftclarity-02-300x170.jpg","downloaded"
"https://consilegy.com/wp/wp-content/uploads/2022/04/microsoftclarity-02-600x340.jpg","/images/wp/2022/04/microsoftclarity-02-600x340.jpg","downloaded"
"https://consilegy.com/wp/wp-content/uploads/2022/04/microsoftclarity-02-768x436.jpg","/images/wp/2022/04/microsoftclarity-02-768x436.jpg","downloaded"
"https://consilegy.com/wp/wp-content/uploads/2022/04/microsoftclarity-02.jpg","/images/wp/2022/04/microsoftclarity-02.jpg","downloaded"
"https://consilegy.com/wp/wp-content/uploads/2022/04/microsoftclarity-03-1-1024x581.png","/images/wp/2022/04/microsoftclarity-03-1-1024x581.png","downloaded"
"https://consilegy.com/wp/wp-content/uploads/2022/04/microsoftclarity-03-1-300x170.png","/images/wp/2022/04/microsoftclarity-03-1-300x170.png","downloaded"
"https://consilegy.com/wp/wp-content/uploads/2022/04/microsoftclarity-03-1-600x340.png","/images/wp/2022/04/microsoftclarity-03-1-600x340.png","downloaded"
"https://consilegy.com/wp/wp-content/uploads/2022/04/microsoftclarity-03-1-768x436.png","/images/wp/2022/04/microsoftclarity-03-1-768x436.png","downloaded"
"https://consilegy.com/wp/wp-content/uploads/2022/04/microsoftclarity-03-1.png","/images/wp/2022/04/microsoftclarity-03-1.png","downloaded"
"https://consilegy.com/wp/wp-content/uploads/2022/04/microsoftclarity-04-1024x459.png","/images/wp/2022/04/microsoftclarity-04-1024x459.png","downloaded"
"https://consilegy.com/wp/wp-content/uploads/2022/04/microsoftclarity-04-300x134.png","/images/wp/2022/04/microsoftclarity-04-300x134.png","downloaded"
"https://consilegy.com/wp/wp-content/uploads/2022/04/microsoftclarity-04-600x269.png","/images/wp/2022/04/microsoftclarity-04-600x269.png","downloaded"
"https://consilegy.com/wp/wp-content/uploads/2022/04/microsoftclarity-04-768x344.png","/images/wp/2022/04/microsoftclarity-04-768x344.png","downloaded"
"https://consilegy.com/wp/wp-content/uploads/2022/04/microsoftclarity-04.png","/images/wp/2022/04/microsoftclarity-04.png","downloaded"
"https://consilegy.com/wp/wp-content/uploads/2022/04/microsoftclarity-05-1024x483.jpg","/images/wp/2022/04/microsoftclarity-05-1024x483.jpg","downloaded"
"https://consilegy.com/wp/wp-content/uploads/2022/04/microsoftclarity-05-300x142.jpg","/images/wp/2022/04/microsoftclarity-05-300x142.jpg","downloaded"
"https://consilegy.com/wp/wp-content/uploads/2022/04/microsoftclarity-05-600x283.jpg","/images/wp/2022/04/microsoftclarity-05-600x283.jpg","downloaded"
"https://consilegy.com/wp/wp-content/uploads/2022/04/microsoftclarity-05-768x363.jpg","/images/wp/2022/04/microsoftclarity-05-768x363.jpg","downloaded"
"https://consilegy.com/wp/wp-content/uploads/2022/04/microsoftclarity-05.jpg","/images/wp/2022/04/microsoftclarity-05.jpg","downloaded"
"https://consilegy.com/wp/wp-content/uploads/2022/04/microsoftclarity-06-1024x579.png","/images/wp/2022/04/microsoftclarity-06-1024x579.png","downloaded"
"https://consilegy.com/wp/wp-content/uploads/2022/04/microsoftclarity-06-300x170.png","/images/wp/2022/04/microsoftclarity-06-300x170.png","downloaded"
"https://consilegy.com/wp/wp-content/uploads/2022/04/microsoftclarity-06-600x339.png","/images/wp/2022/04/microsoftclarity-06-600x339.png","downloaded"
"https://consilegy.com/wp/wp-content/uploads/2022/04/microsoftclarity-06-768x434.png","/images/wp/2022/04/microsoftclarity-06-768x434.png","downloaded"
"https://consilegy.com/wp/wp-content/uploads/2022/04/microsoftclarity-06.png","/images/wp/2022/04/microsoftclarity-06.png","downloaded"
"https://consilegy.com/wp/wp-content/uploads/2022/04/microsoftclarity-07-1024x964.png","/images/wp/2022/04/microsoftclarity-07-1024x964.png","downloaded"
"https://consilegy.com/wp/wp-content/uploads/2022/04/microsoftclarity-07-300x282.png","/images/wp/2022/04/microsoftclarity-07-300x282.png","downloaded"
"https://consilegy.com/wp/wp-content/uploads/2022/04/microsoftclarity-07-600x565.png","/images/wp/2022/04/microsoftclarity-07-600x565.png","downloaded"
"https://consilegy.com/wp/wp-content/uploads/2022/04/microsoftclarity-07-768x723.png","/images/wp/2022/04/microsoftclarity-07-768x723.png","downloaded"
"https://consilegy.com/wp/wp-content/uploads/2022/04/microsoftclarity-07.png","/images/wp/2022/04/microsoftclarity-07.png","downloaded"
"https://consilegy.com/wp/wp-content/uploads/2022/04/microsoftclarity.jpg","/images/wp/2022/04/microsoftclarity.jpg","downloaded"
"https://consilegy.com/wp/wp-content/uploads/2022/04/search-console-breadbramb-1024x460.jpg","/images/wp/2022/04/search-console-breadbramb-1024x460.jpg","downloaded"
"https://consilegy.com/wp/wp-content/uploads/2022/04/search-console-breadbramb-300x135.jpg","/images/wp/2022/04/search-console-breadbramb-300x135.jpg","downloaded"
"https://consilegy.com/wp/wp-content/uploads/2022/04/search-console-breadbramb-600x270.jpg","/images/wp/2022/04/search-console-breadbramb-600x270.jpg","downloaded"
"https://consilegy.com/wp/wp-content/uploads/2022/04/search-console-breadbramb-768x345.jpg","/images/wp/2022/04/search-console-breadbramb-768x345.jpg","downloaded"
"https://consilegy.com/wp/wp-content/uploads/2022/04/search-console-breadbramb.jpg","/images/wp/2022/04/search-console-breadbramb.jpg","downloaded"
"https://consilegy.com/wp/wp-content/uploads/2022/05/04f70afebdedc0d6c3f56887edf7b941-1-1024x525.jpg","/images/wp/2022/05/04f70afebdedc0d6c3f56887edf7b941-1-1024x525.jpg","downloaded"
"https://consilegy.com/wp/wp-content/uploads/2022/05/04f70afebdedc0d6c3f56887edf7b941-1-300x154.jpg","/images/wp/2022/05/04f70afebdedc0d6c3f56887edf7b941-1-300x154.jpg","downloaded"
"https://consilegy.com/wp/wp-content/uploads/2022/05/04f70afebdedc0d6c3f56887edf7b941-1-600x308.jpg","/images/wp/2022/05/04f70afebdedc0d6c3f56887edf7b941-1-600x308.jpg","downloaded"
"https://consilegy.com/wp/wp-content/uploads/2022/05/04f70afebdedc0d6c3f56887edf7b941-1-768x394.jpg","/images/wp/2022/05/04f70afebdedc0d6c3f56887edf7b941-1-768x394.jpg","downloaded"
"https://consilegy.com/wp/wp-content/uploads/2022/05/04f70afebdedc0d6c3f56887edf7b941-1.jpg","/images/wp/2022/05/04f70afebdedc0d6c3f56887edf7b941-1.jpg","downloaded"
"https://consilegy.com/wp/wp-content/uploads/2022/05/04f70afebdedc0d6c3f56887edf7b941-1024x498.png","/images/wp/2022/05/04f70afebdedc0d6c3f56887edf7b941-1024x498.png","downloaded"
"https://consilegy.com/wp/wp-content/uploads/2022/05/04f70afebdedc0d6c3f56887edf7b941-300x146.png","/images/wp/2022/05/04f70afebdedc0d6c3f56887edf7b941-300x146.png","downloaded"
"https://consilegy.com/wp/wp-content/uploads/2022/05/04f70afebdedc0d6c3f56887edf7b941-600x292.png","/images/wp/2022/05/04f70afebdedc0d6c3f56887edf7b941-600x292.png","downloaded"
"https://consilegy.com/wp/wp-content/uploads/2022/05/04f70afebdedc0d6c3f56887edf7b941-768x374.png","/images/wp/2022/05/04f70afebdedc0d6c3f56887edf7b941-768x374.png","downloaded"
"https://consilegy.com/wp/wp-content/uploads/2022/05/04f70afebdedc0d6c3f56887edf7b941.png","/images/wp/2022/05/04f70afebdedc0d6c3f56887edf7b941.png","downloaded"
"https://consilegy.com/wp/wp-content/uploads/2022/05/910046813152ab488fdbfff8ee5f9a9d-10-1-1024x505.jpg","/images/wp/2022/05/910046813152ab488fdbfff8ee5f9a9d-10-1-1024x505.jpg","downloaded"
"https://consilegy.com/wp/wp-content/uploads/2022/05/910046813152ab488fdbfff8ee5f9a9d-10-1-300x148.jpg","/images/wp/2022/05/910046813152ab488fdbfff8ee5f9a9d-10-1-300x148.jpg","downloaded"
"https://consilegy.com/wp/wp-content/uploads/2022/05/910046813152ab488fdbfff8ee5f9a9d-10-1-600x296.jpg","/images/wp/2022/05/910046813152ab488fdbfff8ee5f9a9d-10-1-600x296.jpg","downloaded"
"https://consilegy.com/wp/wp-content/uploads/2022/05/910046813152ab488fdbfff8ee5f9a9d-10-1-768x379.jpg","/images/wp/2022/05/910046813152ab488fdbfff8ee5f9a9d-10-1-768x379.jpg","downloaded"
"https://consilegy.com/wp/wp-content/uploads/2022/05/910046813152ab488fdbfff8ee5f9a9d-10-1.jpg","/images/wp/2022/05/910046813152ab488fdbfff8ee5f9a9d-10-1.jpg","downloaded"
"https://consilegy.com/wp/wp-content/uploads/2022/05/910046813152ab488fdbfff8ee5f9a9d-10-1024x492.jpg","/images/wp/2022/05/910046813152ab488fdbfff8ee5f9a9d-10-1024x492.jpg","downloaded"
"https://consilegy.com/wp/wp-content/uploads/2022/05/910046813152ab488fdbfff8ee5f9a9d-10-300x144.jpg","/images/wp/2022/05/910046813152ab488fdbfff8ee5f9a9d-10-300x144.jpg","downloaded"
"https://consilegy.com/wp/wp-content/uploads/2022/05/910046813152ab488fdbfff8ee5f9a9d-10-600x288.jpg","/images/wp/2022/05/910046813152ab488fdbfff8ee5f9a9d-10-600x288.jpg","downloaded"
"https://consilegy.com/wp/wp-content/uploads/2022/05/910046813152ab488fdbfff8ee5f9a9d-10-768x369.jpg","/images/wp/2022/05/910046813152ab488fdbfff8ee5f9a9d-10-768x369.jpg","downloaded"
"https://consilegy.com/wp/wp-content/uploads/2022/05/910046813152ab488fdbfff8ee5f9a9d-10.jpg","/images/wp/2022/05/910046813152ab488fdbfff8ee5f9a9d-10.jpg","downloaded"
"https://consilegy.com/wp/wp-content/uploads/2022/05/910046813152ab488fdbfff8ee5f9a9d-8-1024x390.png","/images/wp/2022/05/910046813152ab488fdbfff8ee5f9a9d-8-1024x390.png","downloaded"
"https://consilegy.com/wp/wp-content/uploads/2022/05/910046813152ab488fdbfff8ee5f9a9d-8-300x114.png","/images/wp/2022/05/910046813152ab488fdbfff8ee5f9a9d-8-300x114.png","downloaded"
"https://consilegy.com/wp/wp-content/uploads/2022/05/910046813152ab488fdbfff8ee5f9a9d-8-600x228.png","/images/wp/2022/05/910046813152ab488fdbfff8ee5f9a9d-8-600x228.png","downloaded"
"https://consilegy.com/wp/wp-content/uploads/2022/05/910046813152ab488fdbfff8ee5f9a9d-8-768x292.png","/images/wp/2022/05/910046813152ab488fdbfff8ee5f9a9d-8-768x292.png","downloaded"
"https://consilegy.com/wp/wp-content/uploads/2022/05/910046813152ab488fdbfff8ee5f9a9d-8.png","/images/wp/2022/05/910046813152ab488fdbfff8ee5f9a9d-8.png","downloaded"
"https://consilegy.com/wp/wp-content/uploads/2022/05/910046813152ab488fdbfff8ee5f9a9d-9-1024x503-1-300x137.png","/images/wp/2022/05/910046813152ab488fdbfff8ee5f9a9d-9-1024x503-1-300x137.png","downloaded"
"https://consilegy.com/wp/wp-content/uploads/2022/05/910046813152ab488fdbfff8ee5f9a9d-9-1024x503-1-600x275.png","/images/wp/2022/05/910046813152ab488fdbfff8ee5f9a9d-9-1024x503-1-600x275.png","downloaded"
"https://consilegy.com/wp/wp-content/uploads/2022/05/910046813152ab488fdbfff8ee5f9a9d-9-1024x503-1-768x352.png","/images/wp/2022/05/910046813152ab488fdbfff8ee5f9a9d-9-1024x503-1-768x352.png","downloaded"
"https://consilegy.com/wp/wp-content/uploads/2022/05/910046813152ab488fdbfff8ee5f9a9d-9-1024x503-1.png","/images/wp/2022/05/910046813152ab488fdbfff8ee5f9a9d-9-1024x503-1.png","downloaded"
"https://consilegy.com/wp/wp-content/uploads/2022/05/c4fa065ffcb6448c32a12ae32361fb44-5-1-1024x568.jpg","/images/wp/2022/05/c4fa065ffcb6448c32a12ae32361fb44-5-1-1024x568.jpg","downloaded"
"https://consilegy.com/wp/wp-content/uploads/2022/05/c4fa065ffcb6448c32a12ae32361fb44-5-1-300x166.jpg","/images/wp/2022/05/c4fa065ffcb6448c32a12ae32361fb44-5-1-300x166.jpg","downloaded"
"https://consilegy.com/wp/wp-content/uploads/2022/05/c4fa065ffcb6448c32a12ae32361fb44-5-1-600x333.jpg","/images/wp/2022/05/c4fa065ffcb6448c32a12ae32361fb44-5-1-600x333.jpg","downloaded"
"https://consilegy.com/wp/wp-content/uploads/2022/05/c4fa065ffcb6448c32a12ae32361fb44-5-1-768x426.jpg","/images/wp/2022/05/c4fa065ffcb6448c32a12ae32361fb44-5-1-768x426.jpg","downloaded"
"https://consilegy.com/wp/wp-content/uploads/2022/05/c4fa065ffcb6448c32a12ae32361fb44-5-1.jpg","/images/wp/2022/05/c4fa065ffcb6448c32a12ae32361fb44-5-1.jpg","downloaded"
"https://consilegy.com/wp/wp-content/uploads/2022/05/c4fa065ffcb6448c32a12ae32361fb44-5-2-1024x599.jpg","/images/wp/2022/05/c4fa065ffcb6448c32a12ae32361fb44-5-2-1024x599.jpg","downloaded"
"https://consilegy.com/wp/wp-content/uploads/2022/05/c4fa065ffcb6448c32a12ae32361fb44-5-2-300x176.jpg","/images/wp/2022/05/c4fa065ffcb6448c32a12ae32361fb44-5-2-300x176.jpg","downloaded"
"https://consilegy.com/wp/wp-content/uploads/2022/05/c4fa065ffcb6448c32a12ae32361fb44-5-2-600x351.jpg","/images/wp/2022/05/c4fa065ffcb6448c32a12ae32361fb44-5-2-600x351.jpg","downloaded"
"https://consilegy.com/wp/wp-content/uploads/2022/05/c4fa065ffcb6448c32a12ae32361fb44-5-2-768x449.jpg","/images/wp/2022/05/c4fa065ffcb6448c32a12ae32361fb44-5-2-768x449.jpg","downloaded"
"https://consilegy.com/wp/wp-content/uploads/2022/05/c4fa065ffcb6448c32a12ae32361fb44-5-2.jpg","/images/wp/2022/05/c4fa065ffcb6448c32a12ae32361fb44-5-2.jpg","downloaded"
"https://consilegy.com/wp/wp-content/uploads/2022/05/saleforce-pardot.jpg","/images/wp/2022/05/saleforce-pardot.jpg","downloaded"
"https://consilegy.com/wp/wp-content/uploads/2023/10/google-privacy.jpg","/images/wp/2023/10/google-privacy.jpg","downloaded"
"https://consilegy.com/wp/wp-content/uploads/2023/10/id.jpg","/images/wp/2023/10/id.jpg","downloaded"
"https://consilegy.com/wp/wp-content/uploads/2024/05/logo_innova.svg","/images/wp/2024/05/logo_innova.svg","downloaded"
"https://consilegy.com/wp/wp-content/uploads/2024/05/logo_kaizenplatform-300x59.png","/images/wp/2024/05/logo_kaizenplatform-300x59.png","downloaded"
"https://consilegy.com/wp/wp-content/uploads/2024/05/logo_kaizenplatform-768x151.png","/images/wp/2024/05/logo_kaizenplatform-768x151.png","downloaded"
"https://consilegy.com/wp/wp-content/uploads/2024/05/logo_kaizenplatform.png","/images/wp/2024/05/logo_kaizenplatform.png","downloaded"
"https://consilegy.com/wp/wp-content/uploads/2024/05/logo_kodansha-300x99.png","/images/wp/2024/05/logo_kodansha-300x99.png","downloaded"
"https://consilegy.com/wp/wp-content/uploads/2024/05/logo_kodansha.png","/images/wp/2024/05/logo_kodansha.png","downloaded"
"https://consilegy.com/wp/wp-content/uploads/2024/05/logo_nishikawa-1024x218.png","/images/wp/2024/05/logo_nishikawa-1024x218.png","downloaded"
"https://consilegy.com/wp/wp-content/uploads/2024/05/logo_nishikawa-300x64.png","/images/wp/2024/05/logo_nishikawa-300x64.png","downloaded"
"https://consilegy.com/wp/wp-content/uploads/2024/05/logo_nishikawa-768x163.png","/images/wp/2024/05/logo_nishikawa-768x163.png","downloaded"
"https://consilegy.com/wp/wp-content/uploads/2024/05/logo_nishikawa.png","/images/wp/2024/05/logo_nishikawa.png","downloaded"
"https://consilegy.com/wp/wp-content/uploads/2024/05/logo_oissy-300x169.jpg","/images/wp/2024/05/logo_oissy-300x169.jpg","downloaded"
"https://consilegy.com/wp/wp-content/uploads/2024/05/logo_oissy.jpg","/images/wp/2024/05/logo_oissy.jpg","downloaded"
"https://consilegy.com/wp/wp-content/uploads/2024/05/logo_sazae-1-1024x375.png","/images/wp/2024/05/logo_sazae-1-1024x375.png","downloaded"
"https://consilegy.com/wp/wp-content/uploads/2024/05/logo_sazae-1-300x110.png","/images/wp/2024/05/logo_sazae-1-300x110.png","downloaded"
"https://consilegy.com/wp/wp-content/uploads/2024/05/logo_sazae-1-768x282.png","/images/wp/2024/05/logo_sazae-1-768x282.png","downloaded"
"https://consilegy.com/wp/wp-content/uploads/2024/05/logo_sazae-1.png","/images/wp/2024/05/logo_sazae-1.png","downloaded"
"https://consilegy.com/wp/wp-content/uploads/2024/05/logo_the-molts-1024x204.jpg","/images/wp/2024/05/logo_the-molts-1024x204.jpg","downloaded"
"https://consilegy.com/wp/wp-content/uploads/2024/05/logo_the-molts-300x60.jpg","/images/wp/2024/05/logo_the-molts-300x60.jpg","downloaded"
"https://consilegy.com/wp/wp-content/uploads/2024/05/logo_the-molts-768x153.jpg","/images/wp/2024/05/logo_the-molts-768x153.jpg","downloaded"
"https://consilegy.com/wp/wp-content/uploads/2024/05/logo_the-molts.jpg","/images/wp/2024/05/logo_the-molts.jpg","downloaded"
"https://consilegy.com/wp/wp-content/uploads/2024/05/logo_tiger-monday-300x50.webp","/images/wp/2024/05/logo_tiger-monday-300x50.webp","downloaded"
"https://consilegy.com/wp/wp-content/uploads/2024/05/logo_tiger-monday.webp","/images/wp/2024/05/logo_tiger-monday.webp","downloaded"
"https://consilegy.com/wp/wp-content/uploads/2025/01/Screenshot-2025-01-30-at-19.34.08.png","/images/wp/2025/01/Screenshot-2025-01-30-at-19.34.08.png","downloaded"
"https://consilegy.com/wp/wp-content/uploads/2025/01/ai-bpo-1-1024x585.webp","/images/wp/2025/01/ai-bpo-1-1024x585.webp","downloaded"
"https://consilegy.com/wp/wp-content/uploads/2025/01/ai-bpo-1-300x171.webp","/images/wp/2025/01/ai-bpo-1-300x171.webp","downloaded"
"https://consilegy.com/wp/wp-content/uploads/2025/01/ai-bpo-1-768x439.webp","/images/wp/2025/01/ai-bpo-1-768x439.webp","downloaded"
"https://consilegy.com/wp/wp-content/uploads/2025/01/ai-bpo-1.webp","/images/wp/2025/01/ai-bpo-1.webp","downloaded"
"https://consilegy.com/wp/wp-content/uploads/2025/01/ai-bpo-2-1024x585.webp","/images/wp/2025/01/ai-bpo-2-1024x585.webp","downloaded"
"https://consilegy.com/wp/wp-content/uploads/2025/01/ai-bpo-2.webp","/images/wp/2025/01/ai-bpo-2.webp","downloaded"
"https://consilegy.com/wp/wp-content/uploads/2025/01/ga4-1024x585.webp","/images/wp/2025/01/ga4-1024x585.webp","downloaded"
"https://consilegy.com/wp/wp-content/uploads/2025/01/ga4-300x171.webp","/images/wp/2025/01/ga4-300x171.webp","downloaded"
"https://consilegy.com/wp/wp-content/uploads/2025/01/ga4-768x439.webp","/images/wp/2025/01/ga4-768x439.webp","downloaded"
"https://consilegy.com/wp/wp-content/uploads/2025/01/ga4.webp","/images/wp/2025/01/ga4.webp","downloaded"
"https://consilegy.com/wp/wp-content/uploads/2025/01/google-analytics.jpg","/images/wp/2025/01/google-analytics.jpg","downloaded"
"https://consilegy.com/wp/wp-content/uploads/2025/01/image-1024x585.webp","/images/wp/2025/01/image-1024x585.webp","downloaded"
"https://consilegy.com/wp/wp-content/uploads/2025/01/image-300x171.webp","/images/wp/2025/01/image-300x171.webp","downloaded"
"https://consilegy.com/wp/wp-content/uploads/2025/01/image-768x439.webp","/images/wp/2025/01/image-768x439.webp","downloaded"
"https://consilegy.com/wp/wp-content/uploads/2025/01/image.jpg","/images/wp/2025/01/image.jpg","downloaded"
"https://consilegy.com/wp/wp-content/uploads/2025/01/image.webp","/images/wp/2025/01/image.webp","downloaded"
"https://consilegy.com/wp/wp-content/uploads/2025/01/marvin-meyer-SYTO3xs06fU-unsplash-2-1024x682.jpg","/images/wp/2025/01/marvin-meyer-SYTO3xs06fU-unsplash-2-1024x682.jpg","downloaded"
"https://consilegy.com/wp/wp-content/uploads/2025/01/marvin-meyer-SYTO3xs06fU-unsplash-2-300x200.jpg","/images/wp/2025/01/marvin-meyer-SYTO3xs06fU-unsplash-2-300x200.jpg","downloaded"
"https://consilegy.com/wp/wp-content/uploads/2025/01/marvin-meyer-SYTO3xs06fU-unsplash-2-768x512.jpg","/images/wp/2025/01/marvin-meyer-SYTO3xs06fU-unsplash-2-768x512.jpg","downloaded"
"https://consilegy.com/wp/wp-content/uploads/2025/01/marvin-meyer-SYTO3xs06fU-unsplash-2.jpg","/images/wp/2025/01/marvin-meyer-SYTO3xs06fU-unsplash-2.jpg","downloaded"
"https://consilegy.com/wp/wp-content/uploads/2025/01/pm-1-1024x585.webp","/images/wp/2025/01/pm-1-1024x585.webp","downloaded"
"https://consilegy.com/wp/wp-content/uploads/2025/01/pm-1-300x171.webp","/images/wp/2025/01/pm-1-300x171.webp","downloaded"
"https://consilegy.com/wp/wp-content/uploads/2025/01/pm-1-768x439.webp","/images/wp/2025/01/pm-1-768x439.webp","downloaded"
"https://consilegy.com/wp/wp-content/uploads/2025/01/pm-1.webp","/images/wp/2025/01/pm-1.webp","downloaded"
"https://consilegy.com/wp/wp-content/uploads/2025/02/campaign-creators-kQ4tBklJI-unsplash.jpg","/images/wp/2025/02/campaign-creators-kQ4tBklJI-unsplash.jpg","downloaded"
"https://consilegy.com/wp/wp-content/uploads/2025/02/wofkflow-1-1024x585.webp","/images/wp/2025/02/wofkflow-1-1024x585.webp","downloaded"
"https://consilegy.com/wp/wp-content/uploads/2025/02/wofkflow-1-300x171.webp","/images/wp/2025/02/wofkflow-1-300x171.webp","downloaded"
"https://consilegy.com/wp/wp-content/uploads/2025/02/wofkflow-1-768x439.webp","/images/wp/2025/02/wofkflow-1-768x439.webp","downloaded"
"https://consilegy.com/wp/wp-content/uploads/2025/02/wofkflow-1.webp","/images/wp/2025/02/wofkflow-1.webp","downloaded"
"https://consilegy.com/wp/wp-content/uploads/2025/02/workflow-2-1024x585.webp","/images/wp/2025/02/workflow-2-1024x585.webp","downloaded"
"https://consilegy.com/wp/wp-content/uploads/2025/02/workflow-2-300x171.webp","/images/wp/2025/02/workflow-2-300x171.webp","downloaded"
"https://consilegy.com/wp/wp-content/uploads/2025/02/workflow-2-768x439.webp","/images/wp/2025/02/workflow-2-768x439.webp","downloaded"
"https://consilegy.com/wp/wp-content/uploads/2025/02/workflow-2.webp","/images/wp/2025/02/workflow-2.webp","downloaded"
"https://consilegy.com/wp/wp-content/uploads/2025/03/image-16-1024x585.webp","/images/wp/2025/03/image-16-1024x585.webp","downloaded"
"https://consilegy.com/wp/wp-content/uploads/2025/03/image-17-1024x585.webp","/images/wp/2025/03/image-17-1024x585.webp","downloaded"
"https://consilegy.com/wp/wp-content/uploads/2025/03/image-18-1024x585.webp","/images/wp/2025/03/image-18-1024x585.webp","downloaded"
"https://consilegy.com/wp/wp-content/uploads/2025/03/image-19-1024x585.webp","/images/wp/2025/03/image-19-1024x585.webp","downloaded"
"https://consilegy.com/wp/wp-content/uploads/2025/03/image-20-1024x585.webp","/images/wp/2025/03/image-20-1024x585.webp","downloaded"
"https://consilegy.com/wp/wp-content/uploads/2025/03/image-21-1024x585.webp","/images/wp/2025/03/image-21-1024x585.webp","downloaded"
"https://consilegy.com/wp/wp-content/uploads/2025/03/image-48-1024x682.jpg","/images/wp/2025/03/image-48-1024x682.jpg","downloaded"
"https://consilegy.com/wp/wp-content/uploads/2025/03/image-49-1024x682.jpg","/images/wp/2025/03/image-49-1024x682.jpg","downloaded"
"https://consilegy.com/wp/wp-content/uploads/2025/03/image-52-681x1024.jpg","/images/wp/2025/03/image-52-681x1024.jpg","downloaded"
"https://consilegy.com/wp/wp-content/uploads/2025/03/image-53-1024x682.jpg","/images/wp/2025/03/image-53-1024x682.jpg","downloaded"
"https://consilegy.com/wp/wp-content/uploads/2025/03/image-54-1024x768.jpg","/images/wp/2025/03/image-54-1024x768.jpg","downloaded"
"https://consilegy.com/wp/wp-content/uploads/2025/03/image-55-1024x805.jpg","/images/wp/2025/03/image-55-1024x805.jpg","downloaded"
"https://consilegy.com/wp/wp-content/uploads/2025/03/image-56-1024x767.jpg","/images/wp/2025/03/image-56-1024x767.jpg","downloaded"
"https://consilegy.com/wp/wp-content/uploads/2025/03/image-57-1024x682.jpg","/images/wp/2025/03/image-57-1024x682.jpg","downloaded"
"https://consilegy.com/wp/wp-content/uploads/2025/03/image-58-1024x575.jpg","/images/wp/2025/03/image-58-1024x575.jpg","downloaded"
"https://consilegy.com/wp/wp-content/uploads/2025/03/image-59-1024x576.jpg","/images/wp/2025/03/image-59-1024x576.jpg","downloaded"
"https://consilegy.com/wp/wp-content/uploads/2025/03/image-60-681x1024.jpg","/images/wp/2025/03/image-60-681x1024.jpg","downloaded"
"https://consilegy.com/wp/wp-content/uploads/2025/04/MarketingAutomation.jpg","/images/wp/2025/04/MarketingAutomation.jpg","downloaded"
"https://consilegy.com/wp/wp-content/uploads/2025/04/image-1-1024x682.jpg","/images/wp/2025/04/image-1-1024x682.jpg","downloaded"
"https://consilegy.com/wp/wp-content/uploads/2025/04/image-2-1024x576.jpg","/images/wp/2025/04/image-2-1024x576.jpg","downloaded"
"https://consilegy.com/wp/wp-content/uploads/2025/04/image-3-1024x682.jpg","/images/wp/2025/04/image-3-1024x682.jpg","downloaded"
"https://consilegy.com/wp/wp-content/uploads/2025/04/image-4-1024x683.jpg","/images/wp/2025/04/image-4-1024x683.jpg","downloaded"
"https://consilegy.com/wp/wp-content/uploads/2025/04/image-7-1024x545.jpg","/images/wp/2025/04/image-7-1024x545.jpg","downloaded"
"https://consilegy.com/wp/wp-content/uploads/2025/04/image-8-1024x545.jpg","/images/wp/2025/04/image-8-1024x545.jpg","downloaded"
"https://consilegy.com/wp/wp-content/uploads/2025/05/image-4-1024x683.jpg","/images/wp/2025/05/image-4-1024x683.jpg","downloaded"
"https://consilegy.com/wp/wp-content/uploads/2025/05/image-4.jpg","/images/wp/2025/05/image-4.jpg","downloaded"
"https://consilegy.com/wp/wp-content/uploads/2025/05/image-5-1024x576.jpg","/images/wp/2025/05/image-5-1024x576.jpg","downloaded"
"https://consilegy.com/wp/wp-content/uploads/2025/05/image-6-1024x576.jpg","/images/wp/2025/05/image-6-1024x576.jpg","downloaded"
"https://consilegy.com/wp/wp-content/uploads/2025/06/image-1-1024x682.jpg","/images/wp/2025/06/image-1-1024x682.jpg","downloaded"
"https://consilegy.com/wp/wp-content/uploads/2025/06/image-1024x682.jpg","/images/wp/2025/06/image-1024x682.jpg","downloaded"
"https://consilegy.com/wp/wp-content/uploads/2025/06/image-2-1024x683.jpg","/images/wp/2025/06/image-2-1024x683.jpg","downloaded"
"https://consilegy.com/wp/wp-content/uploads/2025/06/solen-feyissa-Aj7cDaR6QXs-unsplash.jpg","/images/wp/2025/06/solen-feyissa-Aj7cDaR6QXs-unsplash.jpg","downloaded"
"https://consilegy.com/wp/wp-content/uploads/2025/08/100-hubspot-1-1-300x113.webp","/images/wp/2025/08/100-hubspot-1-1-300x113.webp","downloaded"
"https://consilegy.com/wp/wp-content/uploads/2025/08/100-hubspot-1-1-768x288.webp","/images/wp/2025/08/100-hubspot-1-1-768x288.webp","downloaded"
"https://consilegy.com/wp/wp-content/uploads/2025/08/100-hubspot-1-1.webp","/images/wp/2025/08/100-hubspot-1-1.webp","downloaded"
"https://consilegy.com/wp/wp-content/uploads/2025/08/IMG_0378.jpg","/images/wp/2025/08/IMG_0378.jpg","downloaded"
"https://consilegy.com/wp/wp-content/uploads/2025/08/a-professional-and-modern-illustration-representin-6-1.svg","/images/wp/2025/08/a-professional-and-modern-illustration-representin-6-1.svg","downloaded"
"https://consilegy.com/wp/wp-content/uploads/2025/08/digitalnomadshiroshima-300x142.png","/images/wp/2025/08/digitalnomadshiroshima-300x142.png","downloaded"
"https://consilegy.com/wp/wp-content/uploads/2025/08/digitalnomadshiroshima-768x363.png","/images/wp/2025/08/digitalnomadshiroshima-768x363.png","downloaded"
"https://consilegy.com/wp/wp-content/uploads/2025/08/digitalnomadshiroshima.png","/images/wp/2025/08/digitalnomadshiroshima.png","downloaded"
"https://consilegy.com/wp/wp-content/uploads/2025/08/tadiama-shimoda-300x142.png","/images/wp/2025/08/tadiama-shimoda-300x142.png","downloaded"
"https://consilegy.com/wp/wp-content/uploads/2025/08/tadiama-shimoda-768x363.png","/images/wp/2025/08/tadiama-shimoda-768x363.png","downloaded"
"https://consilegy.com/wp/wp-content/uploads/2025/08/tadiama-shimoda.png","/images/wp/2025/08/tadiama-shimoda.png","downloaded"
"https://consilegy.com/wp/wp-content/uploads/2025/12/seiko_biz_-150x150.jpg","/images/wp/2025/12/seiko_biz_-150x150.jpg","downloaded"
"https://consilegy.com/wp/wp-content/uploads/2025/12/seiko_biz_-300x300.jpg","/images/wp/2025/12/seiko_biz_-300x300.jpg","downloaded"
"https://consilegy.com/wp/wp-content/uploads/2025/12/seiko_biz_.jpg","/images/wp/2025/12/seiko_biz_.jpg","downloaded"
"https://consilegy.com/wp/wp-content/uploads/2026/02/apex-virtual-education-KNQUEQwTCY4-unsplash-1024x573.jpg","/images/wp/2026/02/apex-virtual-education-KNQUEQwTCY4-unsplash-1024x573.jpg","downloaded"
"https://consilegy.com/wp/wp-content/uploads/2026/02/apex-virtual-education-KNQUEQwTCY4-unsplash-1536x860.jpg","/images/wp/2026/02/apex-virtual-education-KNQUEQwTCY4-unsplash-1536x860.jpg","downloaded"
"https://consilegy.com/wp/wp-content/uploads/2026/02/apex-virtual-education-KNQUEQwTCY4-unsplash-2048x1147.jpg","/images/wp/2026/02/apex-virtual-education-KNQUEQwTCY4-unsplash-2048x1147.jpg","downloaded"
"https://consilegy.com/wp/wp-content/uploads/2026/02/apex-virtual-education-KNQUEQwTCY4-unsplash-300x168.jpg","/images/wp/2026/02/apex-virtual-education-KNQUEQwTCY4-unsplash-300x168.jpg","downloaded"
"https://consilegy.com/wp/wp-content/uploads/2026/02/apex-virtual-education-KNQUEQwTCY4-unsplash-768x430.jpg","/images/wp/2026/02/apex-virtual-education-KNQUEQwTCY4-unsplash-768x430.jpg","downloaded"
"https://consilegy.com/wp/wp-content/uploads/2026/02/apex-virtual-education-KNQUEQwTCY4-unsplash-scaled.jpg","/images/wp/2026/02/apex-virtual-education-KNQUEQwTCY4-unsplash-scaled.jpg","downloaded"
"https://consilegy.com/wp/wp-content/uploads/2026/02/campaign-creators-OGOWDVLbMSc-unsplash-scaled.jpg","/images/wp/2026/02/campaign-creators-OGOWDVLbMSc-unsplash-scaled.jpg","downloaded"
"https://consilegy.com/wp/wp-content/uploads/2026/02/dx-1024x576.png","/images/wp/2026/02/dx-1024x576.png","downloaded"
"https://consilegy.com/wp/wp-content/uploads/2026/02/dx-1536x864.png","/images/wp/2026/02/dx-1536x864.png","downloaded"
"https://consilegy.com/wp/wp-content/uploads/2026/02/dx-300x169.png","/images/wp/2026/02/dx-300x169.png","downloaded"
"https://consilegy.com/wp/wp-content/uploads/2026/02/dx-768x432.png","/images/wp/2026/02/dx-768x432.png","downloaded"
"https://consilegy.com/wp/wp-content/uploads/2026/02/dx.png","/images/wp/2026/02/dx.png","downloaded"
"https://consilegy.com/wp/wp-content/uploads/2026/02/ga4-looker-studio.png","/images/wp/2026/02/ga4-looker-studio.png","downloaded"
"https://consilegy.com/wp/wp-content/uploads/2026/02/jackie-alexander-tV79ff0YlXM-unsplash-1024x683.jpg","/images/wp/2026/02/jackie-alexander-tV79ff0YlXM-unsplash-1024x683.jpg","downloaded"
"https://consilegy.com/wp/wp-content/uploads/2026/02/jackie-alexander-tV79ff0YlXM-unsplash-1536x1024.jpg","/images/wp/2026/02/jackie-alexander-tV79ff0YlXM-unsplash-1536x1024.jpg","downloaded"
"https://consilegy.com/wp/wp-content/uploads/2026/02/jackie-alexander-tV79ff0YlXM-unsplash-2048x1365.jpg","/images/wp/2026/02/jackie-alexander-tV79ff0YlXM-unsplash-2048x1365.jpg","downloaded"
"https://consilegy.com/wp/wp-content/uploads/2026/02/jackie-alexander-tV79ff0YlXM-unsplash-300x200.jpg","/images/wp/2026/02/jackie-alexander-tV79ff0YlXM-unsplash-300x200.jpg","downloaded"
"https://consilegy.com/wp/wp-content/uploads/2026/02/jackie-alexander-tV79ff0YlXM-unsplash-768x512.jpg","/images/wp/2026/02/jackie-alexander-tV79ff0YlXM-unsplash-768x512.jpg","downloaded"
"https://consilegy.com/wp/wp-content/uploads/2026/02/jackie-alexander-tV79ff0YlXM-unsplash-scaled.jpg","/images/wp/2026/02/jackie-alexander-tV79ff0YlXM-unsplash-scaled.jpg","downloaded"
"https://consilegy.com/wp/wp-content/uploads/2026/02/shawn-powar-hDeq8NBTNS8-unsplash-1024x768.jpg","/images/wp/2026/02/shawn-powar-hDeq8NBTNS8-unsplash-1024x768.jpg","downloaded"
"https://consilegy.com/wp/wp-content/uploads/2026/02/shawn-powar-hDeq8NBTNS8-unsplash-1536x1152.jpg","/images/wp/2026/02/shawn-powar-hDeq8NBTNS8-unsplash-1536x1152.jpg","downloaded"
"https://consilegy.com/wp/wp-content/uploads/2026/02/shawn-powar-hDeq8NBTNS8-unsplash-300x225.jpg","/images/wp/2026/02/shawn-powar-hDeq8NBTNS8-unsplash-300x225.jpg","downloaded"
"https://consilegy.com/wp/wp-content/uploads/2026/02/shawn-powar-hDeq8NBTNS8-unsplash-768x576.jpg","/images/wp/2026/02/shawn-powar-hDeq8NBTNS8-unsplash-768x576.jpg","downloaded"
"https://consilegy.com/wp/wp-content/uploads/2026/02/shawn-powar-hDeq8NBTNS8-unsplash.jpg","/images/wp/2026/02/shawn-powar-hDeq8NBTNS8-unsplash.jpg","downloaded"
"https://consilegy.com/wp/wp-content/uploads/2026/02/sumup-ShB9pI4mpRg-unsplash-1024x683.jpg","/images/wp/2026/02/sumup-ShB9pI4mpRg-unsplash-1024x683.jpg","downloaded"
"https://consilegy.com/wp/wp-content/uploads/2026/02/sumup-ShB9pI4mpRg-unsplash-1536x1024.jpg","/images/wp/2026/02/sumup-ShB9pI4mpRg-unsplash-1536x1024.jpg","downloaded"
"https://consilegy.com/wp/wp-content/uploads/2026/02/sumup-ShB9pI4mpRg-unsplash-2048x1365.jpg","/images/wp/2026/02/sumup-ShB9pI4mpRg-unsplash-2048x1365.jpg","downloaded"
"https://consilegy.com/wp/wp-content/uploads/2026/02/sumup-ShB9pI4mpRg-unsplash-300x200.jpg","/images/wp/2026/02/sumup-ShB9pI4mpRg-unsplash-300x200.jpg","downloaded"
"https://consilegy.com/wp/wp-content/uploads/2026/02/sumup-ShB9pI4mpRg-unsplash-768x512.jpg","/images/wp/2026/02/sumup-ShB9pI4mpRg-unsplash-768x512.jpg","downloaded"
"https://consilegy.com/wp/wp-content/uploads/2026/02/sumup-ShB9pI4mpRg-unsplash-scaled.jpg","/images/wp/2026/02/sumup-ShB9pI4mpRg-unsplash-scaled.jpg","downloaded"
"https://consilegy.com/wp/wp-content/uploads/2026/03/consilegy-bg-4.svg","/images/wp/2026/03/consilegy-bg-4.svg","downloaded"
"https://consilegy.com/wp/wp-content/uploads/2026/03/cover.png","/images/wp/2026/03/cover.png","downloaded"
"https://consilegy.com/wp/wp-content/uploads/2026/03/logo@2x.png","/images/wp/2026/03/logo@2x.png","downloaded"
"https://consilegy.com/wp/wp-content/uploads/2026/03/ma-crm-sfa.svg","/images/wp/2026/03/ma-crm-sfa.svg","downloaded"
"https://consilegy.com/wp/wp-content/uploads/2026/03/marketing-strategy.svg","/images/wp/2026/03/marketing-strategy.svg","downloaded"
"https://consilegy.com/wp/wp-content/uploads/2026/03/ops.svg","/images/wp/2026/03/ops.svg","downloaded"
"https://consilegy.com/wp/wp-content/uploads/2026/03/revenue-architecture-1.svg","/images/wp/2026/03/revenue-architecture-1.svg","downloaded"
"https://consilegy.com/wp/wp-content/uploads/2026/03/revenue-architecture-bowtie.svg","/images/wp/2026/03/revenue-architecture-bowtie.svg","downloaded"
"https://consilegy.com/wp/wp-content/uploads/2026/03/revenue-architecture-fannel-2.svg","/images/wp/2026/03/revenue-architecture-fannel-2.svg","downloaded"
"https://consilegy.com/wp/wp-content/uploads/2026/03/s-o-c-i-a-l-c-u-t-1RT4txDDAbM-unsplash-1024x681.jpg","/images/wp/2026/03/s-o-c-i-a-l-c-u-t-1RT4txDDAbM-unsplash-1024x681.jpg","downloaded"
"https://consilegy.com/wp/wp-content/uploads/2026/03/s-o-c-i-a-l-c-u-t-1RT4txDDAbM-unsplash-1536x1022.jpg","/images/wp/2026/03/s-o-c-i-a-l-c-u-t-1RT4txDDAbM-unsplash-1536x1022.jpg","downloaded"
"https://consilegy.com/wp/wp-content/uploads/2026/03/s-o-c-i-a-l-c-u-t-1RT4txDDAbM-unsplash-300x200.jpg","/images/wp/2026/03/s-o-c-i-a-l-c-u-t-1RT4txDDAbM-unsplash-300x200.jpg","downloaded"
"https://consilegy.com/wp/wp-content/uploads/2026/03/s-o-c-i-a-l-c-u-t-1RT4txDDAbM-unsplash-768x511.jpg","/images/wp/2026/03/s-o-c-i-a-l-c-u-t-1RT4txDDAbM-unsplash-768x511.jpg","downloaded"
"https://consilegy.com/wp/wp-content/uploads/2026/03/s-o-c-i-a-l-c-u-t-1RT4txDDAbM-unsplash.jpg","/images/wp/2026/03/s-o-c-i-a-l-c-u-t-1RT4txDDAbM-unsplash.jpg","downloaded"
"https://consilegy.com/wp/wp-content/uploads/2026/03/画像1-1-300x122.png","/images/wp/2026/03/画像1-1-300x122.png","downloaded"
"https://consilegy.com/wp/wp-content/uploads/2026/03/画像1-1.png","/images/wp/2026/03/画像1-1.png","downloaded"
